<?xml version="1.0"?>
<doc>
    <assembly>
        <name>MotoFacil.API-devops</name>
    </assembly>
    <members>
        <member name="T:MotoFacil.API.Domain.Enums.TipoUsuario">
            <summary>
            Indica o tipo de usuário no sistema.
            </summary>
        </member>
        <member name="T:MotoFacil.APIdevops.Migrations.InitialCreate">
            <inheritdoc />
        </member>
        <member name="M:MotoFacil.APIdevops.Migrations.InitialCreate.Up(Microsoft.EntityFrameworkCore.Migrations.MigrationBuilder)">
            <inheritdoc />
        </member>
        <member name="M:MotoFacil.APIdevops.Migrations.InitialCreate.Down(Microsoft.EntityFrameworkCore.Migrations.MigrationBuilder)">
            <inheritdoc />
        </member>
        <member name="M:MotoFacil.APIdevops.Migrations.InitialCreate.BuildTargetModel(Microsoft.EntityFrameworkCore.ModelBuilder)">
            <inheritdoc />
        </member>
    </members>
</doc>
